{
  "width": 504,
  "height": 506,
  "cx": [
    [ "PARCOURS", 172 ],
    [ "CONTENIR", 172 ],
    [ "TRONCONS", 172 ],
    [ "ETAPEARRIVE", 52 ],
    [ "ETAPEDEPART", 172 ],
    [ "ETAPE", 172 ],
    [ "APPARTIENT", 287 ],
    [ "CATEGORIE", 414 ]
  ],
  "cy": [
    [ "PARCOURS", 43 ],
    [ "CONTENIR", 127 ],
    [ "TRONCONS", 236 ],
    [ "ETAPEARRIVE", 345 ],
    [ "ETAPEDEPART", 345 ],
    [ "ETAPE", 446 ],
    [ "APPARTIENT", 446 ],
    [ "CATEGORIE", 446 ]
  ],
  "shift": [
    [ "CONTENIR,PARCOURS,0", 0 ],
    [ "CONTENIR,TRONCONS,0", 0 ],
    [ "ETAPEARRIVE,TRONCONS,0", 0 ],
    [ "ETAPEARRIVE,ETAPE,0", 0 ],
    [ "ETAPEDEPART,TRONCONS,0", 0 ],
    [ "ETAPEDEPART,ETAPE,0", 0 ],
    [ "APPARTIENT,ETAPE,0", 0 ],
    [ "APPARTIENT,CATEGORIE,0", 0 ]
  ],
  "ratio": []
}
